{
  "feature_names": [
    "feature_count",
    "feature_tracking_ratio",
    "reprojection_error_mean",
    "reprojection_error_std",
    "imu_residual_norm",
    "camera_motion_magnitude",
    "tracking_length"
  ],
  "window_size": 10,
  "norm_stats": {
    "mean": [
      147.56971740722656,
      0.9349204301834106,
      0.38561388850212097,
      0.14331869781017303,
      0.07244179397821426,
      0.05980115383863449,
      60.30277633666992
    ],
    "std": [
      12.204046249389648,
      0.05951051041483879,
      0.0640689805150032,
      0.033324673771858215,
      0.026684047654271126,
      0.02175595425069332,
      35.11774444580078
    ]
  }
}
