{
  "model_type": "lstm",
  "test_metrics": {
    "accuracy": 0.9013531209079004,
    "precision": 0.0,
    "recall": 0.0,
    "f1": 0.0,
    "roc_auc": 0.9139150185347876
  },
  "test_mae": 0.08180883526802063,
  "test_loss": 0.23020057369467475,
  "n_params": 71298,
  "epochs_trained": 34
}