{
  "model_type": "mlp",
  "test_metrics": {
    "accuracy": 0.9131383675250982,
    "precision": 0.9655172413793104,
    "recall": 0.12389380530973451,
    "f1": 0.2196078431372549,
    "roc_auc": 0.9175084102937711
  },
  "test_mae": 0.09110668301582336,
  "test_loss": 0.20092525313653473,
  "n_params": 19938,
  "epochs_trained": 22
}