{
  "model_type": "transformer",
  "test_metrics": {
    "accuracy": 0.9013531209079004,
    "precision": 0.0,
    "recall": 0.0,
    "f1": 0.0,
    "roc_auc": 0.9117915532794789
  },
  "test_mae": 0.07108922302722931,
  "test_loss": 0.2512493544326878,
  "n_params": 104706,
  "epochs_trained": 17
}